train/reward,stats_g/mean,test/steps,stats_o/mean,test/episode,stats_o/std,train/success_rate,stats_g/std,test/reward,epoch,train/steps,test/mean_Q,test/success_rate,train/episode
-224.7327239422765,-0.035865903,1000.0,-0.0991002,20.0,1.0875583,0.0,0.9046818,-221.30716838221167,0,1500.0,-2.8204563,0.0,30.0
-247.38062705202037,-0.015604401,2000.0,-0.061491903,40.0,1.0674405,0.0,0.91588944,-148.84909516524567,1,3000.0,-3.5199986,0.0,60.0
-176.7247897161203,0.023991564,3000.0,-0.011016205,60.0,1.0341562,0.0,0.89161587,-184.93890902591664,2,4500.0,-3.8761277,0.0,90.0
