stats_g/std,train/steps,test/steps,stats_o/mean,stats_o/std,train/reward,stats_g/mean,test/success_rate,epoch,train/episode,train/success_rate,test/mean_Q,test/episode,test/reward
0.9958814,1500.0,1000.0,0.020563848,1.1631141,-260.32630988288037,0.03350564,0.0,0,30.0,0.0,-3.2069669,20.0,-241.9672384668862
0.9674259,3000.0,2000.0,0.04559528,1.124014,-188.8647955328605,0.030586235,0.0,1,60.0,0.0,-4.0602612,40.0,-219.7706763018214
0.9344168,4500.0,3000.0,0.004870019,1.090898,-206.25316519384506,0.00015888177,0.0,2,90.0,0.0,-4.055138,60.0,-169.73828299092895
0.9132695,6000.0,4000.0,-0.0123835625,1.0621603,-153.44114701885275,-0.03143962,0.025,3,120.0,0.0,-4.5414066,80.0,-106.0499013011197
0.9059142,7500.0,5000.0,-0.010467792,1.0279421,-150.98680558960712,-0.030876828,0.07500000000000001,4,150.0,0.0,-4.2198133,100.0,-98.0331595460305
0.90011215,9000.0,6000.0,-0.00992425,1.0100515,-111.6289751447656,-0.023029182,0.225,5,180.0,0.0,-4.420822,120.0,-80.2322869954535
0.89201826,10500.0,7000.0,-0.013577207,0.99051434,-176.84698972516247,-0.01991863,0.6,6,210.0,0.05,-5.1663327,140.0,-82.84862585033187
