train/steps,test/mean_Q,train/episode,epoch,test/steps,train/success_rate,test/reward,test/success_rate,train/reward,stats_o/std,stats_g/mean,stats_o/mean,stats_g/std,test/episode
1500.0,-3.137674,30.0,0,1000.0,0.0,-216.920829229965,0.0,-297.9319202266305,1.1385562,-0.083172694,-0.090523586,0.97175115,20.0
3000.0,-3.7650247,60.0,1,2000.0,0.0,-154.93830955319598,0.0,-173.9296922666553,1.1059798,-0.07148369,-0.056030266,0.9262053,40.0
4500.0,-4.827173,90.0,2,3000.0,0.0,-177.49872265592438,0.025,-180.9198850962227,1.0837538,-0.044477582,-0.016720101,0.92296386,60.0
6000.0,-4.77369,120.0,3,4000.0,0.0,-132.07259755217345,0.0,-145.58185942776362,1.0460105,-0.04108216,-0.02409226,0.9110358,80.0
7500.0,-4.913723,150.0,4,5000.0,0.0,-135.70293977400223,0.0,-128.66134835197147,1.0118699,-0.04489917,-0.019938534,0.89658934,100.0
9000.0,-5.0100946,180.0,5,6000.0,0.0,-95.91370445885963,0.0,-154.08040411711443,0.986441,-0.050121248,-0.031219438,0.8892299,120.0
10500.0,-4.4186935,210.0,6,7000.0,0.0,-67.68228236033201,0.0,-164.23197046422277,0.9716226,-0.036804363,-0.03350357,0.8908072,140.0
12000.0,-4.47355,240.0,7,8000.0,0.03333333333333333,-78.19594955821579,0.2,-178.29461642518962,0.9562609,-0.04029783,-0.031783108,0.8900444,160.0
